photoID,viewerID
28531,28532
28532,28531
28535,28531
28501,28002
28501,28003
28501,28004
28501,28005
28502,28002
28502,28003
28502,28004
28502,28005
28503,28001
28503,28003
28503,28004
28503,28005
28504,28002
28504,28003
28504,28004
28504,28005
28505,28002
28505,28001
28505,28004
28505,28005
28506,28001
28506,28002
28506,28004
28507,28002
28507,28003
28507,28005
28507,28001
28508,28002
28508,28003
28508,28004
28508,28001
28509,28002
28509,28003
28509,28004
28509,28001
28510,28002
28510,28003
28510,28004
28510,28001
28519,28512
28511,28512
28511,28513
28512,28512
28512,28513
28513,28511
28513,28512
28514,28514
28514,28513
28515,28515
28521,28023
28521,28025
28521,28022
28521,28024
28522,28021
28522,28023
28522,28024
21523,28021
21523,28022
21523,28024
21523,28025
28524,28023
28524,28025
28524,28022
28524,28021
28525,28023
28525,28025
28525,28022
28525,28021
